Trial,40K I series,40K V series,40K V resistor,40K power,40K temp,4K I series,4K V series,4K V resistor,4K power,4K temp,Date
111,-0.00025864,0.0025864,0.00262722,-6.80E-07,59.0274,-0.000836086,0.00836086,0.00815774,-6.82E-06,3.439,23:03.2
112,-8.42E-05,0.0008424,0.00094884,-7.99E-08,59.0328,0.599852068,0.00147932,0.00165242,0.000991208,3.4308,28:16.4
113,-0.0003172,0.003172,0.00133692,-4.24E-07,58.9438,0.136879517,7.1164862,6.7325768,0.921551863,5.0954,33:30.1
114,-0.0003154,0.003154,0.00130368,-4.11E-07,58.8904,0.488326,7.11674,6.7319374,3.287380063,5.14,38:44.0
115,-0.0004224,0.004224,0.00098704,-4.17E-07,58.7852,0.235883326,12.3381052,11.6815926,2.755492912,7.8494,43:56.9
116,-0.00047538,0.0047538,0.00099356,-4.72E-07,58.7634,0.272332475,14.247238,13.4904802,3.67389586,8.9396,49:09.9
117,-0.00052236,0.0052236,0.00099854,-5.22E-07,59.031,0.304688636,15.9267796,15.0804262,4.594834491,9.806,54:23.0
118,-0.00056218,0.0056218,0.00099756,-5.61E-07,59.4006,0.333400669,17.450603,16.525219,5.509519071,10.6076,59:36.4
119,0.09881094,5.0118906,4.8831658,0.482510203,60.393,-0.00085598,0.0085598,0.007105,-6.08E-06,3.837,19:51.0
120,0.09877322,5.0122678,4.8821222,0.48222293,60.2474,0.09757962,5.0242038,4.7580496,0.464288672,4.5416,25:04.2
121,0.0987589,5.012411,4.8817334,0.482114621,60.0796,0.136983377,7.1154476,6.7402246,0.92329873,5.2104,30:17.2
122,0.09873878,5.0126122,4.8811392,0.48195773,59.887,0.19341578,10.0658422,9.5359132,1.84439609,6.6882,35:30.8
123,0.09872668,5.0127332,4.8806746,0.481852799,59.739,0.235941306,12.3375254,11.6881078,2.757707415,8.058,40:44.0
124,0.09871088,5.0128912,4.8802548,0.481734246,59.798,0.272387855,14.2466842,13.4968724,3.67638412,8.9342,45:57.4
125,0.09869456,5.0130544,4.8800124,0.481630677,60.0204,0.304760276,15.9260632,15.086207,4.597676611,9.7976,51:11.0
126,0.09867612,5.0132388,4.8797596,0.481515744,60.286,0.333409389,17.4505158,16.528259,5.510676736,10.6958,56:24.2
127,0.138680837,7.098473,6.9164032,0.959172588,61.1082,-0.00087102,0.0087102,0.0067076,-5.84E-06,3.8024,16:38.7
128,0.138644677,7.0988346,6.9153642,0.958778439,60.9444,0.09758786,5.0241214,4.7584144,0.464363478,4.5308,21:51.9
129,0.138627477,7.0990066,6.9149674,0.958604487,60.743,0.136992757,7.1153538,6.7409854,0.923466178,5.1958,27:05.1
130,0.138608777,7.0991936,6.91438,0.958393758,60.5264,0.1934423,10.065577,9.537153,1.844888812,6.6724,32:18.1
131,0.138592717,7.0993542,6.9139072,0.958217187,60.3636,0.235967906,12.3372594,11.6896474,2.758381615,8.0532,37:31.7
132,0.138581957,7.0994618,6.9135188,0.958088968,60.4094,0.272419115,14.2463716,13.4992902,3.677464687,8.9088,42:44.9
133,0.138568557,7.0995958,6.9132316,0.95795653,60.6038,0.304755716,15.9261088,15.0882302,4.598224399,9.7494,47:58.1
134,0.138547237,7.099809,6.913167,0.95780019,60.8656,0.333394469,17.450665,16.5285318,5.510521084,10.632,53:12.0
135,0.19598774,10.0401226,9.78278,1.917304943,61.8144,-0.00087704,0.0087704,0.006293,-5.52E-06,3.8,13:27.3
136,0.19596384,10.0403616,9.7816464,1.91684899,61.6772,0.09757334,5.0242666,4.7582062,0.464274071,4.5154,18:40.2
137,0.19596158,10.0403842,9.7812174,1.916742816,61.5046,0.136982557,7.1154558,6.7408152,0.923374105,5.2094,23:54.4
138,0.19594148,10.0405852,9.780695,1.916443854,61.3048,0.19343094,10.0656906,9.5371334,1.844776678,6.6896,29:07.3
139,0.19592392,10.0407608,9.7801874,1.916172654,61.1542,0.235958666,12.3373518,11.6897666,2.758301729,8.0522,34:19.9
140,0.19592008,10.0407992,9.779794,1.916058023,61.2014,0.272415315,14.2464096,13.499821,3.677557988,8.9572,39:32.7
141,0.1959017,10.040983,9.7795742,1.915835211,61.4076,0.304798836,15.9256776,15.0904444,4.599549889,9.7642,44:45.5
142,0.19589444,10.0410556,9.7795146,1.915752536,61.6824,0.333435729,17.4502524,16.53069,5.511922672,10.6726,49:58.5
143,0.239099046,12.305948,11.990572,2.866934322,62.6638,-0.00089392,0.0089392,0.0060158,-5.38E-06,3.8204,10:13.0
144,0.239076266,12.3061758,11.9896148,2.866432333,62.5414,0.09758472,5.0241528,4.7584952,0.464356422,4.5344,15:26.0
145,0.239068746,12.306251,11.9895792,2.86633366,62.4102,0.346108297,5.0241984,4.758453,1.646940066,4.5222,20:39.0
146,0.239031026,12.3066282,11.98862,2.865652135,62.2152,0.19345244,10.0654756,9.538183,1.845184775,6.6254,25:52.8
147,0.239027506,12.3066634,11.988227,2.865515997,62.0176,0.235983786,12.3371006,11.6911704,2.75892665,8.0592,31:06.0
148,0.239017646,12.306762,11.987789,2.865293104,62.0716,0.272415735,14.2464054,13.5014496,3.678007314,8.9608,36:19.2
149,0.238999786,12.3069406,11.9874958,2.865008927,62.2872,0.304817976,15.9254862,15.092654,4.600512246,9.7786,41:31.9
150,0.238998186,12.3069566,11.987338,2.864952033,62.5586,0.333458069,17.450029,16.5337414,5.513309482,10.6984,46:45.1
151,0.277271915,14.1978436,13.8339324,3.835760926,63.5656,-0.00090096,0.0090096,0.0056862,-5.12E-06,3.8454,06:59.7
152,0.277247735,14.1980854,13.8328834,3.835135589,63.4634,0.09758154,5.0241846,4.7586704,0.464358386,4.5504,12:12.4
153,0.277223075,14.198332,13.8325256,3.83469528,63.3072,0.136983577,7.1154456,6.741886,0.923527663,5.2314,17:25.5
154,0.277201695,14.1985458,13.8319708,3.834245749,63.1182,0.19346022,10.0653978,9.5388318,1.845384499,6.71,22:38.5
155,0.277278675,14.197776,13.833482,3.835729557,63.144,1.385760466,0.8393338,0.7913248,1.096586623,3.8416,27:51.3
156,0.277191615,14.1986466,13.831207,3.833894604,62.978,0.272464095,14.2459218,13.5017264,3.678735662,8.8326,33:04.3
157,0.277189935,14.1986634,13.8311536,3.833856565,62.9854,0.472720096,14.246465,13.5022254,6.382773289,8.9968,38:17.5
158,1.613453855,0.8360242,0.8106926,1.308015101,63.0336,0.333604389,17.4485658,16.538402,5.517283496,10.4252,43:30.3
159,0.310176136,15.8719046,15.4645708,4.796740817,64.0082,-0.0009013,0.009013,0.0055172,-4.97E-06,3.7832,03:46.0
160,0.310157316,15.8720928,15.4635444,4.796131429,63.9776,0.0975824,5.024176,4.7588644,0.464381409,4.5322,08:58.7
161,0.310147456,15.8721914,15.4631916,4.795869538,63.8882,0.136986137,7.11542,6.7421528,0.92358147,5.2214,14:10.7
162,0.310138776,15.8722782,15.462555,4.795537883,63.749,0.19345964,10.0654036,9.5393424,1.845477747,6.709,19:23.7
163,0.310142496,15.872241,15.4620564,4.795440767,63.6426,0.235998226,12.3369562,11.6930348,2.759535466,8.0862,24:36.7
164,0.310131176,15.8723542,15.461713,4.795159237,63.7316,0.272440275,14.24616,13.5041002,3.67906077,8.9472,29:49.9
165,0.310134076,15.8723252,15.4613424,4.795089141,63.9746,0.304828776,15.9253782,15.0948582,4.601347151,9.8098,35:02.9
166,0.310122816,15.8724378,15.4609746,4.794800983,64.2626,0.333440789,17.4502018,16.534562,5.5132974,10.7584,40:15.7
167,0.339336309,17.3912466,16.944636,5.749930239,65.3008,-0.00090916,0.0090916,0.0052184,-4.74E-06,3.8896,00:30.6
168,0.339337569,17.391234,16.943455,5.749550832,65.225,0.09758172,5.0241828,4.7588028,0.464372162,4.5862,05:44.4
169,0.339329709,17.3913126,16.9429204,5.74923625,65.1006,0.136990037,7.115381,6.7421864,0.923612367,5.2624,10:57.6
170,1.074297429,10.0416354,9.7827488,10.50958189,64.835,0.48847244,7.1152756,6.7434688,3.293998659,5.278,16:10.9
171,0.339406149,17.3905482,16.9410788,5.749906317,64.3998,0.236008086,12.3368576,11.6932844,2.759709666,8.0616,21:24.6
172,0.339336389,17.3912458,16.9412464,5.74878138,64.381,0.272413915,14.2464236,13.5038552,3.678638061,8.9572,26:38.0
173,0.339327729,17.3913324,16.9408934,5.748514886,64.668,0.304835976,15.9253062,15.0959898,4.601800786,9.794,31:51.1
174,0.339303589,17.3915738,16.9406572,5.748025789,65.0098,0.333454649,17.4500632,16.5358822,5.513966796,10.7562,37:04.8
65,0.138863077,7.0966506,6.9129112,0.959948123,59.3848,0.137014317,7.1151382,6.7423186,0.923794181,5.1996,21:53.8
66,0.146530877,7.0199726,6.8382464,1.002014245,59.5124,0.48848022,7.1151978,6.7423746,3.293516628,5.2156,27:06.4
67,0.19627782,10.0372218,9.7780746,1.919219166,60.1178,0.137060557,7.1146758,6.7421224,0.924079054,5.2688,47:21.4
68,0.19625156,10.0374844,9.777373,1.918824704,60.1566,0.1935554,10.064446,9.5395154,1.846424719,6.6394,52:34.8
69,-0.000259168,0.00259168,0.0026206,-6.79E-07,59.8476,-0.0008348,0.008348,0.00814958,-6.80E-06,3.4988,16:35.0
70,-0.000304952,0.00304952,0.00145998,-4.45E-07,59.7122,0.09769226,5.0230774,4.7619552,0.465206166,4.4232,21:47.2
71,-0.000319968,0.00319968,0.0009455,-3.03E-07,59.5828,0.137131037,7.113971,6.7451138,0.924964453,5.1522,27:00.4
72,-0.000415334,0.00415334,0.00094708,-3.93E-07,59.4062,0.19361274,10.0638726,9.5424642,1.84754264,6.5792,32:13.7
73,-0.000488724,0.00488724,0.0009505,-4.65E-07,59.3088,0.236164486,12.3352936,11.6954614,2.762052626,8.0544,37:27.0
74,-0.000548904,0.00548904,0.00095098,-5.22E-07,59.3892,0.272543375,14.245129,13.4982074,3.678846999,8.9886,42:40.6
75,-0.000603128,0.00603128,0.00095002,-5.73E-07,59.6576,0.304918676,15.9244792,15.0889676,4.600908024,9.8006,47:53.9
76,-0.000651274,0.00651274,0.00095024,-6.19E-07,59.9694,0.333676009,17.4478496,16.5354852,5.51749471,10.6742,53:06.5
77,0.09895242,5.0104758,4.8819342,0.483079203,60.82,-0.00086864,0.0086864,0.0069152,-6.01E-06,3.853,13:19.4
78,0.09892336,5.0107664,4.8806132,0.482806657,60.662,0.09766764,5.0233236,4.7615702,0.465051324,4.5556,18:32.2
79,0.09892328,5.0107672,4.8799812,0.482743747,60.4694,0.137119917,7.1140822,6.7452286,0.924905189,5.2262,23:45.2
80,0.0989053,5.010947,4.8792492,0.482583606,60.2722,0.19361126,10.0638874,9.5432714,1.8476848,6.7114,28:58.0
81,0.09888766,5.0111234,4.878674,0.482440656,60.0978,0.236171086,12.3352276,11.6970448,2.76250377,8.0772,34:11.0
82,0.09887344,5.0112656,4.878192,0.482323624,60.1742,0.272681955,14.2437432,13.5068126,3.683064064,8.9318,39:24.1
83,0.09887136,5.0112864,4.8782348,0.482317709,60.3582,0.472958016,14.2440858,13.5066964,6.388100333,9.1112,44:37.5
84,0.09884358,5.0115642,4.8775032,0.482109878,60.5612,0.333791889,17.4466908,16.5416822,5.52147935,10.5304,49:51.1
85,0.138892137,7.09636,6.9146306,0.960387824,61.3048,-0.00087654,0.0087654,0.0064852,-5.68E-06,3.8438,10:06.1
86,0.138853497,7.0967464,6.9133524,0.95994316,61.1552,0.09767764,5.0232236,4.7620776,0.465148501,4.5532,15:19.0
87,0.138838257,7.0968988,6.9128034,0.959761578,60.957,0.137124217,7.1140392,6.7462674,0.925076638,5.2338,20:32.1
88,0.138820257,7.0970788,6.9120516,0.959532782,60.7622,0.19362722,10.0637278,9.5449356,1.848159345,6.7076,25:45.1
89,0.138807197,7.0972094,6.9115446,0.959372136,60.5854,0.236211406,12.3348244,11.6990026,2.763437849,8.0786,30:58.4
90,0.138790557,7.0973758,6.9110938,0.959194561,60.6296,0.272683955,14.2437232,13.5095096,3.683826506,8.9476,36:11.7
91,0.138778877,7.0974926,6.9106626,0.959053998,60.8348,0.305097276,15.9226932,15.1015728,4.607448726,9.8056,41:25.0
92,0.138762397,7.0976574,6.910354,0.958897288,61.0826,0.333750109,17.4471086,16.5420092,5.520897375,10.7206,46:38.4
93,0.19629792,10.0370208,9.7801974,1.919832407,62.0332,-0.00088924,0.0088924,0.0057344,-5.10E-06,3.8384,06:53.9
94,0.196253,10.03747,9.7789344,1.919145213,61.8898,0.09767722,5.0232278,4.7616966,0.465109286,4.528,12:07.2
95,0.19624796,10.0375204,9.77835,1.91898124,61.7292,0.137119237,7.114089,6.746119,0.925022693,5.2196,17:20.2
96,0.1962271,10.037729,9.777632,1.918636372,61.5298,0.1936267,10.063733,9.5449418,1.848155582,6.6962,22:34.2
97,0.19621746,10.0378254,9.7770342,1.918424817,61.3668,0.236194626,12.3349922,11.6994884,2.763356283,8.042,27:48.0
98,0.19620662,10.0379338,9.776519,1.918217748,61.416,0.272684835,14.2437144,13.50988,3.683939397,8.9408,33:00.5
99,0.19618922,10.0381078,9.7761584,1.917976891,61.6216,0.305104176,15.9226242,15.101641,4.607573735,9.7622,38:13.9
100,0.19618862,10.0381138,9.7761764,1.917974557,61.881,0.486147809,15.9231316,15.1006546,7.34115015,9.9724,43:27.1
101,0.239441486,12.3025236,11.9875966,2.87032794,62.7714,-0.0009002,0.009002,0.0052394,-4.72E-06,3.7992,03:41.7
102,0.239416086,12.3027776,11.9863314,2.869720545,62.6456,0.0976631,5.023369,4.7617112,0.465043477,4.5124,08:54.5
103,0.239397486,12.3029636,11.9857844,2.869366649,62.5038,0.137119577,7.1140856,6.7461618,0.925030855,5.2136,14:07.7
104,0.239385786,12.3030806,11.9850056,2.869039982,62.3134,0.19362676,10.0637324,9.545365,1.848238098,6.6962,19:20.5
105,0.239450766,12.3024308,11.9872176,2.870348433,62.3474,1.385768566,0.8392528,0.79134,1.096614097,3.7912,24:33.5
106,0.239355046,12.303388,11.9840284,2.868437665,62.179,0.272731075,14.243252,13.510851,3.684828915,8.8582,29:46.5
107,0.239353146,12.303407,11.983565,2.868303979,62.1728,0.305096136,15.9227046,15.1031226,4.607904348,9.694,34:59.9
108,0.239336646,12.303572,11.983262,2.868033731,62.4446,0.333751969,17.44709,16.5445662,5.521781547,10.513,40:13.4
109,0.277658235,14.1939804,13.8305536,3.8401671,63.5304,-0.00091262,0.0091262,0.0048198,-4.40E-06,3.8114,00:28.4
110,0.277612175,14.194441,13.8293326,3.8391911,63.432,0.09765692,5.0234308,4.7614156,0.464985182,4.5234,05:41.0
111,0.277598515,14.1945776,13.8288576,3.838870332,63.299,0.137107597,7.1142054,6.7461052,0.924942276,5.2204,10:54.1
112,0.277573895,14.1948238,13.8281194,3.83832496,63.1262,0.1936193,10.063807,9.5453948,1.848172659,6.7088,16:07.2
113,0.277557075,14.194992,13.8276686,3.837967249,62.985,0.236188586,12.3350526,11.700215,2.763457233,8.062,21:20.3
114,0.277540835,14.1951544,13.8271422,3.83759659,63.0632,0.272655715,14.2440056,13.5110772,3.683872412,8.962,26:34.1
115,0.277534075,14.195222,13.8267688,3.837399487,63.2946,0.305055556,15.9231104,15.1027312,4.607172065,9.8094,31:47.3
116,0.277525075,14.195312,13.826862,3.837300911,63.579,0.486104769,15.923562,15.101141,7.340736659,10.0212,37:00.7
117,0.310505796,15.868608,15.4619296,4.80101876,64.5242,-0.00092216,0.0092216,0.0044518,-4.11E-06,3.8436,57:16.3
118,0.310479836,15.8688676,15.4606746,4.800227716,64.4338,0.09765896,5.0234104,4.7612896,0.464982591,4.5558,02:29.9
119,0.310459896,15.869067,15.4601152,4.799745759,64.3116,0.137097517,7.1143062,6.7461538,0.924880938,5.228,07:43.8
120,0.310446136,15.8692046,15.4593442,4.799293674,64.1148,0.19361508,10.0638492,9.5455,1.848152746,6.727,12:56.3
121,0.310433756,15.8693284,15.4589298,4.798973643,63.9746,0.236189346,12.335045,11.7005508,2.763545437,8.08,18:09.2
122,0.310415396,15.869512,15.4584446,4.798539204,64.0424,0.272653395,14.2440288,13.5113742,3.683922045,8.96,23:21.7
123,0.310400856,15.8696574,15.4579958,4.79817513,64.2488,0.305053076,15.9231352,15.1031348,4.60725773,9.8308,28:34.5
124,0.310393676,15.8697292,15.4576756,4.797964753,64.5408,0.333640409,17.4482056,16.5416792,5.518972615,10.7406,33:47.8
125,0.339465989,17.3899498,16.9437856,5.751838938,65.5292,-0.00092818,0.0092818,0.0041656,-3.87E-06,3.91,54:02.3
126,0.339437749,17.3902322,16.9425026,5.750924946,65.4462,0.09762956,5.0237044,4.7608548,0.464800159,4.5866,59:15.4
127,0.339425429,17.3903554,16.9419424,5.750526069,65.3296,0.137069217,7.1145892,6.7456,0.924614113,5.2616,04:28.6
128,0.339418009,17.3904296,16.9412452,5.750163717,65.1738,0.1935889,10.064111,9.5448692,1.847780729,6.7836,09:41.6
129,0.339412609,17.3904836,16.9405962,5.749851956,65.043,0.236152586,12.3354126,11.6998116,2.762940761,8.088,14:54.3
130,0.339419829,17.3904114,16.9399936,5.749769732,65.0896,0.272602255,14.2445402,13.5107928,3.683072582,8.9838,20:07.4
131,0.339416049,17.3904492,16.9399854,5.749702916,65.2852,0.472885936,14.2448066,13.5102692,6.388816298,9.1174,25:20.4
132,0.339396089,17.3906488,16.9392756,5.749123891,65.4904,0.333699889,17.4476108,16.5450746,5.521089559,10.5978,30:33.1
133,-0.000272866,0.00272866,0.00276094,-7.53E-07,59.7382,-0.000836876,0.00836876,0.00816024,-6.83E-06,3.5052,06:41.5
134,-0.000306748,0.00306748,0.00144204,-4.42E-07,59.658,0.09776008,5.0223992,4.765999,0.465924444,4.4348,11:56.7
135,-0.000324198,0.00324198,0.0009439,-3.06E-07,59.5608,0.137228817,7.1129932,6.7510224,0.92643482,5.1494,17:12.0
136,-0.00042052,0.0042052,0.00094098,-3.96E-07,59.4084,0.19373796,10.0626204,9.551074,1.850405593,6.6102,22:27.2
137,-0.000493962,0.00493962,0.00093914,-4.64E-07,59.3104,0.236317746,12.333761,11.7061976,2.766382227,8.0654,27:43.0
138,-0.000556216,0.00556216,0.00093296,-5.19E-07,59.4146,0.272875135,14.2418114,13.5165154,3.688320962,8.9918,32:58.6
139,-0.0006087,0.006087,0.00093112,-5.67E-07,59.6782,0.305258276,15.9210832,15.1093064,4.612240825,9.838,38:13.6
140,-0.000655454,0.00655454,0.00092938,-6.09E-07,59.9904,0.333969169,17.444918,16.5536644,5.528413545,10.6958,43:28.6
141,0.09896014,5.0103986,4.8816448,0.483088253,60.8568,-0.00086308,0.0086308,0.0067546,-5.83E-06,3.8528,03:45.2
142,0.09894612,5.0105388,4.8800966,0.482866624,60.6952,0.09772334,5.0227666,4.7650304,0.465654686,4.5498,09:00.0
143,0.0989413,5.010587,4.8801428,0.482847673,60.5344,0.346248157,5.0227998,4.7651082,1.649909934,4.5218,14:14.6
144,0.09892422,5.0107578,4.8788026,0.482631742,60.3054,0.19371286,10.0628714,9.5506948,1.850092405,6.6304,19:30.0
145,0.09891938,5.0108062,4.8780896,0.482537599,60.1256,0.236292206,12.3340164,11.7060366,2.766045208,8.0456,24:44.8
146,0.0989079,5.010921,4.8775746,0.482430661,60.151,0.272819735,14.2423654,13.5167532,3.687637024,8.9368,30:00.2
147,0.09889434,5.0110566,4.8771726,0.482324765,60.357,0.305220856,15.9214574,15.1092128,4.611646866,9.7938,35:14.8
148,0.09889016,5.0110984,4.8772148,0.482308552,60.6286,0.486285129,15.9217584,15.10788,7.346737376,10.002,40:30.3
149,0.138905677,7.0962246,6.9140882,0.960406105,61.3116,-0.00087804,0.0087804,0.0062306,-5.47E-06,3.8134,00:47.3
150,0.138880357,7.0964778,6.912753,0.960045607,61.1548,0.09771588,5.0228412,4.764775,0.465594182,4.5356,06:02.5
151,0.138871817,7.0965632,6.9121546,0.959903472,60.9748,0.137189137,7.11339,6.7501016,0.926040616,5.2194,11:17.7
152,0.138860297,7.0966784,6.911307,0.959706146,60.7752,0.1937108,10.062892,9.5505604,1.850046696,6.7084,16:32.7
153,0.138847997,7.0968014,6.9106708,0.959532801,60.6174,0.236299086,12.3339476,11.7060094,2.766119318,8.065,21:47.7
154,0.138839217,7.0968892,6.9101846,0.959404622,60.659,0.272802315,14.2425396,13.5170362,3.687478765,8.962,27:02.9
155,0.138830617,7.0969752,6.9097838,0.959289551,60.8524,0.305195556,15.9217104,15.1095998,4.611382713,9.81,32:18.0
156,0.138808437,7.097197,6.909501,0.959097037,61.1092,0.333895069,17.445659,16.5531222,5.527005881,10.7084,37:33.2
157,0.19629882,10.0370118,9.7797012,1.919743806,62.0542,-0.00089546,0.0089546,0.0054856,-4.91E-06,3.854,57:50.2
158,0.1962825,10.037175,9.778194,1.919288364,61.9226,0.097696,5.02304,4.7641738,0.465440724,4.5462,03:05.2
159,0.19628476,10.0371524,9.7782138,1.919314349,61.784,0.346226377,5.0230176,4.764181,1.649485129,4.5242,08:20.7
160,0.19625732,10.0374268,9.7768674,1.918781794,61.5856,0.19370088,10.0629912,9.5501306,1.849868701,6.6358,13:35.6
161,0.19625218,10.0374782,9.7762034,1.918601229,61.3804,0.236276366,12.3341748,11.7056012,2.76575691,8.0672,18:52.0
162,0.1962449,10.037551,9.7756908,1.918429463,61.4342,0.272777975,14.242783,13.5167518,3.687072183,8.9228,24:05.8
163,0.19623712,10.0376288,9.7752052,1.918258116,61.619,0.305200916,15.9216568,15.109174,4.611333746,9.7382,29:20.4
164,0.19623402,10.0376598,9.7747886,1.918146062,61.8852,0.333868109,17.4459286,16.5529612,5.526505856,10.6186,34:34.4
165,0.465893066,10.0380078,9.7751232,4.554162115,63.4906,-1.7447058,17.447058,16.5491346,-28.87337112,12.2748,54:52.0
166,0.239515446,12.301784,11.9848526,2.870557312,63.9844,0.09750202,5.0249798,4.7619108,0.464295922,7.246,00:06.6
167,0.239430026,12.3026382,11.9849358,2.869553486,64.254,0.137085917,7.1144222,6.7466616,0.924872295,6.3502,05:22.2
168,0.239404966,12.3028888,11.9843308,2.869108304,64.1736,0.19363098,10.0636902,9.5474556,1.848683184,7.1724,10:36.8
169,0.239390866,12.3030298,11.983727,2.86879478,63.9446,0.236219646,12.334742,11.703426,2.764579143,8.2834,15:52.3
170,0.239381246,12.303126,11.9831226,2.868534815,63.8326,0.272713415,14.2434286,13.5146196,3.685618061,9.099,21:06.9
171,0.239379106,12.3031474,11.9826346,2.868392354,63.8436,0.305113116,15.9225348,15.1073668,4.60945576,9.9684,26:22.5
172,0.239361366,12.3033248,11.9823736,2.868117309,63.969,0.333850529,17.4461044,16.552346,5.52600947,11.0384,31:37.1
173,0.277675135,14.1938114,13.8297012,3.840164146,64.5884,-0.0009214,0.009214,0.0044438,-4.09E-06,3.9432,51:54.2
174,0.277648495,14.1940778,13.8283112,3.839409791,64.405,0.09767092,5.0232908,4.7629654,0.465203213,4.5938,57:09.5
175,0.277655595,14.1940068,13.8277122,3.839341656,64.185,0.137130897,7.1139724,6.7484812,0.925425283,5.2702,02:24.7
176,0.277628135,14.1942814,13.8269476,3.838749673,63.9426,0.19365556,10.0634444,9.548843,1.849186539,6.7748,07:39.9
177,0.277632915,14.1942336,13.8268558,3.838790279,63.7996,0.463336966,10.0635688,9.5486932,4.424262533,6.8116,12:55.1
178,0.277598415,14.1945786,13.8259324,3.838056918,63.7084,0.272749675,14.243066,13.5160006,3.686484769,8.938,18:10.3
179,0.277589215,14.1946706,13.825544,3.837821904,63.827,0.305147136,15.9221946,15.1089008,4.610437809,9.8144,23:26.1
180,1.696985915,0.0007036,0.0007754,0.001315843,63.9964,2.078309009,0.0015196,0.0014346,0.002981542,5.1206,28:41.5
181,0.310546836,15.8681976,15.4607968,4.80130153,64.322,-0.00092748,0.0092748,0.0041334,-3.83E-06,3.6402,48:58.2
182,0.310512376,15.8685422,15.4595112,4.800369556,64.2892,0.0976728,5.023272,4.762652,0.465181556,4.5042,54:13.8
183,1.897302416,0.0006418,0.0007856,0.001490521,64.0412,0.848372897,0.0015524,0.001568,0.001330249,3.5668,59:29.2
184,0.310664816,15.8670178,15.456656,4.801839194,63.6116,0.19366696,10.0633304,9.5482614,1.849182759,6.568,04:44.2
185,0.310510196,15.868564,15.4572696,4.799639815,63.4928,0.236237706,12.3345614,11.7037456,2.764866008,8.0586,09:58.1
186,0.310472296,15.868943,15.4570992,4.79900108,63.6574,0.272714755,14.2434152,13.515313,3.685825271,8.9338,15:12.9
187,0.310458456,15.8690814,15.4566994,4.798663032,63.986,0.305121816,15.9224478,15.1083514,4.609887617,9.7962,20:27.5
188,0.310430396,15.869362,15.456446,4.798150654,64.353,0.333840049,17.4462092,16.553599,5.526254303,10.7418,25:42.4
189,0.339483949,17.3897702,16.9429756,5.751868266,65.5362,-0.00093716,0.0093716,0.0037848,-3.55E-06,3.8918,45:59.2
190,0.339445869,17.390151,16.9417188,5.750796462,65.4756,0.09766198,5.0233802,4.7626978,0.465134497,4.5852,51:14.0
191,2.078402089,0.0005888,0.0007226,0.001501853,65.1862,0.848375037,0.001531,0.0015694,0.00133144,3.6596,56:28.8
192,0.339579209,17.3888176,16.9391196,5.752172836,64.6814,0.19366684,10.0633316,9.5488986,1.849305017,6.6556,01:44.2
193,0.339454429,17.3900654,16.939326,5.750129236,64.5318,0.236256466,12.3343738,11.704503,2.765264511,8.0932,06:58.9
194,0.339436289,17.3902468,16.9389592,5.749697452,64.6796,0.272742255,14.2431402,13.5159522,3.686371279,8.9864,12:13.9
195,0.339430729,17.3903024,16.9386234,5.74948929,65.2394,0.305168936,15.9219766,15.1087496,4.610721041,9.8516,17:28.7
196,0.339430769,17.390302,16.938221,5.749353381,65.306,0.333892669,17.445683,16.5535368,5.527104585,10.8332,22:43.9
197,-0.00029649,0.0029649,0.0029902,-8.87E-07,59.0066,-0.000812276,0.00812276,0.00794394,-6.45E-06,3.487,09:15.2
198,-0.000297328,0.00297328,0.0030008,-8.92E-07,58.9652,0.0970568,5.029432,4.778218,0.463758549,4.4636,14:45.7
199,-0.000291018,0.00291018,0.00294024,-8.56E-07,58.9192,0.136187797,7.1234034,6.768773,0.921824286,5.1558,20:16.2
200,-0.000292234,0.00292234,0.00295022,-8.62E-07,58.8282,0.19237376,10.0762624,9.5754138,1.842058356,6.667,25:46.2
201,-0.000292206,0.00292206,0.0029556,-8.64E-07,58.7758,0.234706666,12.3498718,11.7358294,2.754477387,8.1282,31:15.0
202,-0.00028966,0.0028966,0.0029358,-8.50E-07,58.927,0.270984975,14.260713,13.5509872,3.672113926,9.0112,36:44.0
203,-0.00028626,0.0028626,0.00289666,-8.29E-07,59.2696,0.303274576,15.9409202,15.146553,4.59356444,9.8956,42:14.0
204,-0.000288246,0.00288246,0.00291786,-8.41E-07,59.6802,0.331955069,17.465059,16.5935458,5.508311642,10.8592,47:44.0
205,0.0995861,5.004139,4.863132,0.48430035,60.3284,-0.00081528,0.0081528,0.0078624,-6.41E-06,3.6002,21:35.2
206,0.09959308,5.0040692,4.8630616,0.484327283,60.1384,0.09704918,5.0295082,4.7782302,0.463723323,4.5028,27:05.2
207,0.09960412,5.0039588,4.862949,0.484369756,59.9598,0.136191157,7.1233698,6.7686364,0.921828425,5.205,32:35.2
208,0.09961268,5.0038732,4.8628502,0.484401541,59.7614,0.19235704,10.0764296,9.5754472,1.84190468,6.718,38:05.4
209,0.099621,5.00379,4.8628088,0.484437875,59.6294,0.234702626,12.3499122,11.7357516,2.754411715,8.1064,43:35.5
210,0.09962226,5.0037774,4.8627774,0.484440874,59.7288,0.270960055,14.2609622,13.5510572,3.671795202,8.9904,49:05.7
211,0.59993264,0.0006736,0.0008262,0.000495664,60.1148,1.897220136,0.0014646,0.0014388,0.00272972,4.8214,54:35.7
212,0.09963784,5.0036216,4.862577,0.484496669,60.0506,0.332012229,17.4644874,16.5945684,5.509599645,10.2356,00:05.7
213,0.139755797,7.0877234,6.8882098,0.962667253,60.551,-0.00081656,0.0081656,0.0079106,-6.46E-06,3.5724,33:56.4
214,0.139769157,7.0875898,6.8881292,0.962748015,60.4306,0.0970445,5.029555,4.7782606,0.463703911,4.4782,39:26.8
215,0.139776757,7.0875138,6.8880526,0.962789657,60.2806,0.136177697,7.1235044,6.7687788,0.921756711,5.1936,44:57.0
216,0.848461377,0.0006676,0.0008008,0.000679448,60.1742,1.19985082,0.0014918,0.001542,0.00185017,3.6396,50:27.6
217,0.139838717,7.0868942,6.8874232,0.963128427,59.8856,0.234715166,12.3497868,11.7362804,2.754682998,7.9454,55:57.8
218,0.139793137,7.08735,6.8878646,0.962876203,59.8272,0.270959715,14.2609656,13.5514822,3.671905753,8.964,01:28.1
219,0.139784597,7.0874354,6.8879416,0.962828144,60.1272,0.303269636,15.9409696,15.146665,4.593523583,9.8122,06:58.0
220,0.139770417,7.0875772,6.8881048,0.962753283,60.517,0.331944529,17.4651644,16.5937442,5.508202604,10.6984,12:26.4
221,0.1974818,10.025182,9.7433828,1.924140773,61.4906,-0.00082126,0.0082126,0.0079572,-6.53E-06,3.5656,46:16.8
222,0.19749912,10.0250088,9.7432216,1.924277692,61.3366,0.09703844,5.0296156,4.7782816,0.463676992,4.4682,51:46.8
223,0.19750306,10.0249694,9.7431096,1.92429396,61.1782,0.136173637,7.123545,6.768783,0.921729802,5.1838,57:17.1
224,0.19750612,10.0249388,9.7430734,1.924316624,60.9898,0.19235786,10.0764214,9.575457,1.841914417,6.6928,02:47.1
225,0.19751382,10.0248618,9.7430474,1.92438651,60.8742,0.234688706,12.3500514,11.7357864,2.75425652,8.0746,08:17.1
226,0.19751452,10.0248548,9.7430644,1.924396688,60.9796,0.270946195,14.2611008,13.5511302,3.671627164,8.978,13:47.3
227,0.19751418,10.0248582,9.7430632,1.924393139,61.2608,0.303243516,15.9412308,15.1467156,4.593143296,9.8272,19:17.4
228,0.19751248,10.0248752,9.743112,1.924386214,61.6104,0.331911949,17.4654902,16.5938808,5.507707319,10.7592,24:47.6
229,0.240777546,12.289163,11.9437538,2.875787726,62.4798,-0.00082374,0.0082374,0.007964,-6.56E-06,3.5984,58:38.1
230,0.240794146,12.288997,11.9436688,2.875965525,62.3512,0.5991789,0.008211,0.0079468,0.004761555,3.5488,04:08.1
231,0.240796646,12.288972,11.9435622,2.875969715,62.1712,0.136172037,7.123561,6.7688564,0.921728967,5.17,09:38.1
232,0.240802586,12.2889126,11.9435444,2.876036374,61.9524,0.19235068,10.0764932,9.5754926,1.841852513,6.6468,15:08.3
233,0.240806466,12.2888738,11.9435496,2.876083967,61.8212,0.234684706,12.3500914,11.7358242,2.754218448,8.0952,20:39.0
234,0.240815946,12.288779,11.943432,2.876168872,61.9078,0.270926775,14.261295,13.5513586,3.67142588,8.9888,26:08.7
235,0.240813046,12.288808,11.9434996,2.876150515,62.1872,0.303235476,15.9413112,15.1467576,4.593034252,9.8192,31:39.4
236,0.240805286,12.2888856,11.9435008,2.876058122,62.5364,0.331892569,17.465684,16.5939104,5.507395554,10.8524,37:09.6
237,0.278989955,14.1806632,13.7820942,3.845065839,63.449,-0.00082478,0.0082478,0.0079994,-6.60E-06,3.6228,11:03.6
238,0.278999955,14.1805632,13.7820502,3.845191384,63.2852,0.09703284,5.0296716,4.7782608,0.463648216,4.4978,16:33.6
239,0.279002215,14.1805406,13.7819712,3.84520049,63.1146,0.136166377,7.1236176,6.7687662,0.921678373,5.2132,22:04.2
240,0.279016355,14.1803992,13.7819202,3.845381137,62.9234,0.19235162,10.0764838,9.5753812,1.841840086,6.7372,27:33.9
241,0.279002895,14.1805338,13.7819776,3.845211647,62.799,0.234684986,12.3500886,11.7357442,2.754202959,8.0926,33:04.5
242,0.279007695,14.1804858,13.782004,3.845285166,62.892,0.270928515,14.2612776,13.5512474,3.671419332,8.9922,38:34.1
243,1.697001055,0.0005522,0.0007212,0.001223877,63.059,1.897218596,0.00148,0.001442,0.002735789,4.7236,44:04.1
244,0.279203615,14.1785266,13.780015,3.847430001,62.8066,0.331956629,17.4650434,16.594883,5.508781421,10.2534,49:34.7
245,0.311900996,15.854656,15.4086888,4.805985385,63.9512,-0.00082614,0.0082614,0.0080044,-6.61E-06,3.604,23:25.2
246,0.311893256,15.8547334,15.4086926,4.805867307,63.8566,0.0970334,5.029666,4.7782776,0.463652522,4.491,28:54.8
247,0.311901096,15.854655,15.4086988,4.805990045,63.7514,0.136154197,7.1237394,6.7688518,0.921607584,5.223,34:25.4
248,0.311909116,15.8545748,15.4086524,4.80609915,63.5992,0.19234972,10.0765028,9.5753728,1.841820277,6.7232,39:55.3
249,0.311911316,15.8545528,15.4086544,4.806133673,63.5056,0.234685046,12.350088,11.7357984,2.754216383,8.1034,45:24.8
250,0.311906556,15.8546004,15.4086802,4.806068375,63.6256,0.270906855,14.2614942,13.5513936,3.671165419,9.0006,50:55.3
251,0.311905076,15.8546152,15.4087404,4.806064347,63.9092,0.303215536,15.9415106,15.1468178,4.592750479,9.8354,56:25.7
252,0.311908116,15.8545848,15.408707,4.806100772,64.259,0.331871849,17.4658912,16.594022,5.507088765,10.9358,01:55.9
253,0.340828969,17.37632,16.887234,5.755658555,65.2732,-0.0008311,0.008311,0.0080442,-6.69E-06,3.6672,35:46.2
254,0.406409069,16.720519,16.2500688,6.604175334,65.131,0.0970234,5.029766,4.778285,0.463605457,4.5314,41:15.4
255,0.406431289,16.7202968,16.2497934,6.604424479,64.9392,0.136160797,7.1236734,6.7687214,0.921634503,5.252,46:45.4
256,0.406449329,16.7201164,16.249765,6.604706082,64.7076,0.19234038,10.0765962,9.575334,1.84172338,6.7616,52:16.0
257,0.340865229,17.3759574,16.8870052,5.756192896,64.5614,0.234682146,12.350117,11.735647,2.754146819,8.127,57:45.7
258,0.340855529,17.3760544,16.887096,5.756060042,64.6656,0.270899155,14.2615712,13.5513194,3.671040973,9.02,03:15.7
259,0.340837229,17.3762374,16.8871942,5.755784478,64.9572,0.303215476,15.9415112,15.146658,4.592701117,9.8636,08:46.3
260,0.340839929,17.3762104,16.8871132,5.755802466,65.2806,0.331870849,17.4659012,16.5939754,5.507056706,10.994,14:15.9
261,-0.000275548,0.00275548,0.00278386,-7.6708705528e-07,59.1462,-0.000829574,0.00829574,0.00810562,-6.72421160588e-06,3.438,2018-05-04 14:35
262,-0.000282874,0.00282874,0.00286144,-8.0942697856e-07,59.09,0.09705976,5.0294024,4.778027,0.463754153894,4.425,2018-05-04 14:44
263,-0.000275128,0.00275128,0.00278056,-7.6500991168e-07,59.2682,0.136230317424,7.1229782,6.7681094,0.922021691921,5.1776,2018-05-04 14:53
264,-0.000273234,0.00273234,0.00277334,-7.5777078156e-07,59.3188,0.19240312,10.0759688,9.5745688,1.84217690977,6.712,2018-05-04 15:02
265,-0.00027087,0.0027087,0.00275222,-7.454938314e-07,59.4416,0.23476846567,12.3492538,11.7345326,2.75489821386,8.1474,2018-05-04 15:11
266,-0.000270544,0.00270544,0.00274268,-7.4201561792e-07,59.8498,0.271080814848,14.2597546,13.5491132,3.67290464672,9.0956,2018-05-04 15:20
267,-0.000266658,0.00266658,0.00270306,-7.2079257348e-07,60.3424,0.303393836101,15.9397276,15.1444698,4.59473878834,10.0614,2018-05-04 15:28
268,-0.000269416,0.00269416,0.00273318,-7.3636242288e-07,60.937,0.332054289083,17.4640668,16.5914818,5.50927269393,11.4628,2018-05-04 15:37
269,0.09959932,5.0040068,4.861661,0.484218129671,60.0838,-0.00083364,0.0083364,0.0081108,-6.761487312e-06,3.472,2018-05-04 17:01
270,0.09960662,5.0039338,4.8615528,0.48424284236,59.9892,0.09704296,5.0295704,4.778209,0.463691544859,4.4494,2018-05-04 17:10
271,0.09961564,5.0038436,4.8614866,0.48428009901,59.8918,0.136205837424,7.123223,6.7683088,0.921883168047,5.2032,2018-05-04 17:19
272,0.09962698,5.0037302,4.8614206,0.484328652888,59.7674,0.19239018,10.0760982,9.5748238,1.84210207435,6.7336,2018-05-04 17:28
273,0.09962692,5.0037308,4.8614328,0.484329576651,59.8946,0.23474386567,12.3494998,11.734766,2.75466433357,8.1656,2018-05-04 17:37
274,0.09961888,5.0038112,4.8614866,0.484295850227,60.2886,0.271048834848,14.2600744,13.5494422,3.67256052115,9.1058,2018-05-04 17:46
275,0.09961318,5.0038682,4.8615396,0.484273419252,60.7536,0.303350396101,15.940162,15.14477,4.59417197836,10.0868,2018-05-04 17:54
276,0.09960734,5.0039266,4.8616066,0.484251701552,61.3446,0.332012849083,17.4644812,16.59191,5.50872731082,11.4848,2018-05-04 18:03
277,0.139771677424,7.0875646,6.8862638,0.962504642509,60.5092,-0.00083628,0.0083628,0.0080762,-6.753964536e-06,3.475,2018-05-04 19:27
278,0.139777517424,7.0875062,6.886205,0.962536639372,60.3986,0.09704128,5.0295872,4.7782272,0.463685283619,4.441,2018-05-04 19:36
279,0.139778817424,7.0874932,6.8862006,0.962544976411,60.317,0.136201417424,7.1232672,6.7683572,0.921859844271,5.1994,2018-05-04 19:45
280,0.139784497424,7.0874364,6.8861748,0.962580483591,60.213,0.19237534,10.0762466,9.5747868,1.84195286608,6.7392,2018-05-04 19:54
281,0.139776317424,7.0875182,6.8861708,0.962523595576,60.327,0.23473110567,12.3496274,11.734784,2.75451882312,8.1572,2018-05-04 20:03
282,0.139775997424,7.0875214,6.886241,0.962531204276,60.7326,0.271022034848,14.2603424,13.549666,3.67225805083,9.107,2018-05-04 20:12
283,0.139768497424,7.0875964,6.8863272,0.962491605513,61.193,0.303335876101,15.9403072,15.144946,4.59400546341,10.0998,2018-05-04 20:20
284,0.139758017424,7.0877012,6.8863912,0.962428381317,61.8166,0.331998609083,17.4646236,16.591938,5.50850033799,11.5368,2018-05-04 20:29
285,0.1974707,10.025293,9.740873,1.92353700992,61.4134,-0.00083998,0.0083998,0.0081286,-6.827861428e-06,3.4952,2018-05-04 21:53
286,1.19993454,0.0006546,0.0007944,0.000953227998576,61.0554,0.599849,0.00151,0.0016428,0.0009854319372,3.4954,2018-05-04 22:02
287,0.19755076,10.0244924,9.7401218,1.92416846408,60.8474,0.136199337424,7.123288,6.7683882,0.921849988267,5.1828,2018-05-04 22:11
288,0.19749608,10.0250392,9.7406048,1.92373126483,60.8976,0.1923707,10.076293,9.5749048,1.84193113881,6.6936,2018-05-04 22:20
289,0.19749416,10.0250584,9.7406564,1.92372275357,61.077,0.23472762567,12.3496622,11.7347782,2.75447662465,8.1564,2018-05-04 22:29
290,0.19748878,10.0251122,9.7407252,1.92368393606,61.4914,0.271017414848,14.2603886,13.5496644,3.67219501774,9.1084,2018-05-04 22:38
291,0.1974845,10.025155,9.7407932,1.92365567471,62.0024,0.303331156101,15.9403544,15.1448842,4.5939152334,10.1028,2018-05-04 22:46
292,0.19746634,10.0253366,9.7408874,1.92349738323,62.6296,0.331988109083,17.4647286,16.591934,5.50832479468,11.5626,2018-05-04 22:55
293,0.24078682567,12.2890702,11.9404858,2.87511167274,62.3872,-0.00084188,0.0084188,0.0082038,-6.906615144e-06,3.5064,2018-05-05 00:19
294,0.24080928567,12.2888456,11.9404324,2.87536699683,62.2662,0.09703364,5.0296636,4.7782146,0.463647555339,4.4686,2018-05-05 00:28
295,0.24080192567,12.2889192,11.9404444,2.87528200487,62.1858,0.136199077424,7.1232906,6.7683106,0.921837659438,5.2192,2018-05-05 00:37
296,0.24080878567,12.2888506,11.9403764,2.87534754133,62.062,0.19238998,10.0761002,9.5745786,1.84205298536,6.757,2018-05-05 00:46
297,0.24081330567,12.2888054,11.9402678,2.8753753595,62.1766,0.23473600567,12.3495784,11.734605,2.75453430581,8.1522,2018-05-05 00:55
298,1.38638850567,0.8330534,0.8094406,1.12219914386,62.1802,0.271040414848,14.2601586,13.5493534,3.67242236645,9.097,2018-05-05 01:03
299,0.24087148567,12.2882236,11.9398102,2.87595982149,62.54,0.303329876101,15.9403672,15.1447704,4.59386132901,10.123,2018-05-05 01:12
300,1.46963490567,0.0005894,0.0007692,0.00113044316944,62.9996,2.07830758908,0.0015338,0.0014234,0.0029582630223,4.7344,2018-05-05 01:21
301,0.279047354848,14.1800892,13.7778268,3.84466612409,63.0674,-0.00084448,0.0084448,0.0081776,-6.905819648e-06,3.5272,2018-05-05 02:45
302,0.279062054848,14.1799422,13.7776688,3.84482456634,62.9784,0.09703676,5.0296324,4.7781852,0.463659610488,4.4886,2018-05-05 02:54
303,1.69699593485,0.0006034,0.0007652,0.00129854128935,62.491,0.848377177424,0.0015096,0.0016496,0.00139948299188,3.57,2018-05-05 03:03
304,0.279146694848,14.1790958,13.7771316,3.84584075062,62.105,0.19238234,10.0761766,9.574853,1.8420326253,6.6632,2018-05-05 03:12
305,0.279070554848,14.1798572,13.777835,3.84498805805,62.4174,0.23473792567,12.3495592,11.7347092,2.75458129595,8.1664,2018-05-05 03:21
306,0.279070814848,14.1798546,13.7778282,3.84498974261,62.9516,0.271012254848,14.2604402,13.5497046,3.67213599617,9.1274,2018-05-05 03:29
307,0.279061514848,14.1799476,13.7779678,3.84490056579,63.5288,0.303340136101,15.9402646,15.1447526,4.5940113149,10.1532,2018-05-05 03:38
308,0.279048114848,14.1800816,13.778035,3.84473469306,64.2252,0.331989229083,17.4647174,16.5919066,5.50833428115,11.6932,2018-05-05 03:47
309,0.311973636101,15.8539296,15.4040688,4.80566335429,64.252,-0.00084258,0.0084258,0.008203,-6.91168374e-06,3.552,2018-05-05 05:11
310,0.311992236101,15.8537436,15.4039858,4.80592397461,64.1362,0.0970305,5.029695,4.7782096,0.463632066593,4.5032,2018-05-05 05:20
311,0.311992816101,15.8537378,15.404166,4.80598913003,64.056,0.136186237424,7.123419,6.7683412,0.921754921629,5.2474,2018-05-05 05:29
312,0.311988816101,15.8537778,15.4041056,4.80590866924,63.9316,0.19236914,10.0763086,9.5746662,1.84187030268,6.7916,2018-05-05 05:38
313,0.311987256101,15.8537934,15.4040906,4.80587995903,64.0608,0.23471644567,12.349774,11.7347188,2.75433148767,8.1756,2018-05-05 05:47
314,0.311983416101,15.8538318,15.4041852,4.80585032095,64.4352,0.270989474848,14.260668,13.5496486,3.67181215849,9.1112,2018-05-05 05:55
315,0.311960176101,15.8540642,15.4043286,4.80553706277,64.9356,0.303297536101,15.9406906,15.1449912,4.59343851523,10.2044,2018-05-05 06:04
316,0.311962416101,15.8540418,15.404252,4.80554767215,65.502,0.331945429083,17.4651554,16.5920832,5.5076661772,11.7998,2018-05-05 06:13
317,0.340896409083,17.3756456,16.8824382,5.75516255894,65.413,-0.00084548,0.0084548,0.0082218,-6.951367464e-06,3.5944,2018-05-05 07:37
318,0.340921249083,17.3753972,16.8823118,5.75553882626,65.3184,0.0970228,5.029772,4.7782224,0.463596516271,4.5366,2018-05-05 07:46
319,0.340903249083,17.3755772,16.8823966,5.75526385324,65.2182,0.136178997424,7.1234914,6.768323,0.921703440381,5.2858,2018-05-05 07:55
320,0.340915229083,17.3754574,16.8821972,5.75539812586,65.1246,0.19236422,10.0763578,9.5746616,1.84182231045,6.8388,2018-05-05 08:04
321,0.340909509083,17.3755146,16.882207,5.7553049006,65.2156,0.23470736567,12.3498648,11.7346704,2.75421357659,8.2052,2018-05-05 08:13
322,0.340923589083,17.3753738,16.8822616,5.7555612165,65.5686,0.270981034848,14.2607524,13.5497156,3.67171595518,9.1576,2018-05-05 08:21
323,0.340901149083,17.3755982,16.8823472,5.75521155969,65.9938,0.303302796101,15.940638,15.1446736,4.59342184892,10.2796,2018-05-05 08:30
324,1.91174738908,1.6671358,1.6199516,3.09693824174,65.9702,0.331999449083,17.4646152,16.5913436,5.50831693474,11.9194,2018-05-05 08:39
325,-0.00025718,0.0025718,0.0026738,-6.87647884e-07,61.7224,-0.00083654,0.0083654,0.0081358,-6.805922132e-06,3.532,2018-05-05 11:03
326,-0.0002575,0.002575,0.0026668,-6.86701e-07,61.4832,0.09704162,5.0295838,4.7781474,0.463679164295,4.4834,2018-05-05 11:12
327,-0.0002555,0.002555,0.002646,-6.76053e-07,61.2674,0.136222797424,7.1230534,6.7681202,0.921972266945,5.2306,2018-05-05 11:21
328,-0.00025278,0.0025278,0.0026514,-6.70220892e-07,61.04,0.19239844,10.0760156,9.5746016,1.84213841146,6.7762,2018-05-05 11:30
329,-0.00024668,0.0024668,0.0025458,-6.27997944e-07,61.0722,0.23474340567,12.3495044,11.734551,2.75460846575,8.1806,2018-05-05 11:39
330,-0.00024446,0.0024446,0.0025406,-6.21075076e-07,61.3592,0.271061754848,14.2599452,13.5491506,3.67265653833,9.1192,2018-05-05 11:47
331,-0.00024536,0.0024536,0.0025408,-6.23410688e-07,61.7404,0.303365136101,15.9400146,15.1445626,4.59433229434,10.1186,2018-05-05 11:56
332,-0.00024342,0.0024342,0.0025786,-6.27682812e-07,62.2626,0.332017389083,17.4644358,16.5916758,5.50872487962,11.5432,2018-05-05 12:05
333,0.59975628,0.0024372,0.002499,0.00149879094372,65.4148,-1.74644192,17.4644192,16.5898404,-28.9731927207,13.0594,2018-05-05 13:29
334,0.09954656,5.0045344,4.8627254,0.484067585795,65.5486,0.09698338,5.0301662,4.7767944,0.463269666477,6.4502,2018-05-05 13:38
335,0.09954816,5.0045184,4.8627198,0.484074808686,65.0138,0.136191317424,7.1233682,6.7669222,0.921596049323,5.9154,2018-05-05 13:47
336,0.0995636,5.004364,4.862567,0.484134675761,64.1322,0.19238046,10.0761954,9.573536,1.84176125951,7.1298,2018-05-05 13:56
337,0.0995769,5.004231,4.8624442,0.484187119859,63.4958,0.23475376567,12.3494008,11.7336322,2.75451434394,8.2876,2018-05-05 14:04
338,0.09958674,5.0041326,4.8623586,0.484226441685,63.2614,0.271042074848,14.260142,13.548745,3.67227995638,9.2378,2018-05-05 14:13
339,0.09958466,5.0041534,4.8623412,0.484214595206,63.3238,0.303367856101,15.9399874,15.1440538,4.59421913398,10.264,2018-05-05 14:22
340,0.09958102,5.0041898,4.8623858,0.484201337598,63.641,0.332023189083,17.4643778,16.59145,5.50874614051,11.7578,2018-05-05 14:31
341,0.139763977424,7.0876416,6.8871066,0.962569411358,61.6116,-0.00084174,0.0084174,0.0081766,-6.882571284e-06,3.5192,2018-05-05 15:55
342,0.139767337424,7.087608,6.8870334,0.962582321067,61.428,0.09705132,5.0294868,4.7780722,0.463718214065,4.4848,2018-05-05 16:04
343,0.139775617424,7.0875252,6.8869434,0.962626765898,61.2946,0.136216097424,7.1231204,6.768163,0.921932750589,5.2282,2018-05-05 16:13
344,0.139773657424,7.0875448,6.8869216,0.962610220423,61.1206,0.19239502,10.0760498,9.5745808,1.84210166451,6.7738,2018-05-05 16:22
345,0.139773997424,7.0875414,6.8869094,0.962610856734,61.2154,0.23475136567,12.3494248,11.7344136,2.75466961794,8.179,2018-05-05 16:30
346,0.139774797424,7.0875334,6.8869706,0.962624920479,61.5424,0.271057014848,14.2599926,13.549233,3.67261465046,9.122,2018-05-05 16:39
347,0.139768197424,7.0875994,6.8870476,0.962590228624,61.9624,0.303375296101,15.939913,15.1444874,4.59446334927,10.1244,2018-05-05 16:48
348,0.139760817424,7.0876732,6.887094,0.962545887115,62.5424,0.332024409083,17.4643656,16.591576,5.50880821715,11.5658,2018-05-05 16:57
349,0.19747762,10.0252238,9.7418378,1.92379494317,61.8258,-0.000845,0.00845,0.0082048,-6.933056e-06,3.5012,2018-05-05 18:21
350,0.19749458,10.0250542,9.7416314,1.92391940186,61.691,0.09704492,5.0295508,4.7781796,0.463698057028,4.4636,2018-05-05 18:30
351,0.19750582,10.0249418,9.74151,1.92400492059,61.5834,0.136209637424,7.123185,6.7682266,0.921897691189,5.2172,2018-05-05 18:39
352,0.19750122,10.0249878,9.7415574,1.9239694712,61.464,0.19239308,10.0760692,9.5746458,1.84209559537,6.7552,2018-05-05 18:48
353,0.19751146,10.0248854,9.7414784,1.92405362134,61.5684,0.23474188567,12.3495196,11.7346478,2.75461335224,8.1656,2018-05-05 18:56
354,0.19750858,10.0249142,9.7415182,1.92403342673,61.9398,0.271036334848,14.2601994,13.5494504,3.67239337562,9.0996,2018-05-05 19:05
355,0.19749468,10.0250532,9.7416454,1.92392314095,62.3904,0.303347376101,15.9401922,15.1447158,4.59410979973,10.1334,2018-05-05 19:14
356,0.19749294,10.0250706,9.7416694,1.92391093031,62.9908,0.331993469083,17.464675,16.5919082,5.50840516202,11.5934,2018-05-05 19:23
357,0.24080662567,12.2888722,11.941526,2.87559858141,62.569,-0.00084762,0.0084762,0.0082302,-6.976082124e-06,3.527,2018-05-05 20:47
358,0.24082478567,12.2886906,11.9413506,2.87577319885,62.4508,0.09704046,5.0295954,4.7781248,0.463671428529,4.489,2018-05-05 20:56
359,0.24082388567,12.2886996,11.9413606,2.87576485988,62.3598,0.136209837424,7.123183,6.7681674,0.921890981211,5.2414,2018-05-05 21:05
360,0.24083096567,12.2886288,11.9412788,2.87582970474,62.2442,0.1923815,10.076185,9.5746914,1.84199349357,6.786,2018-05-05 21:13
361,0.24082578567,12.2886806,11.9412792,2.87576794524,62.3596,0.23473692567,12.3495692,11.7345036,2.75452129933,8.189,2018-05-05 21:22
362,0.24082968567,12.2886416,11.9413678,2.87583585374,62.751,0.271013974848,14.260423,13.5495474,3.67211669826,9.1288,2018-05-05 21:31
363,0.24082352567,12.2887032,11.9413182,2.87575035007,63.2172,0.303336976101,15.9402962,15.1446676,4.59393767384,10.1756,2018-05-05 21:40
364,0.24081466567,12.2887918,11.9414646,2.87567980526,63.8338,0.331999229083,17.4646174,16.591702,5.50843227317,11.6824,2018-05-05 21:49
365,0.279081294848,14.1797498,13.7789042,3.84543442572,63.581,-0.00084592,0.0084592,0.0081766,-6.916749472e-06,3.5372,2018-05-05 23:13
366,0.279085354848,14.1797092,13.7787838,3.84545676619,63.4772,0.09703666,5.0296334,4.7781488,0.463655600535,4.4916,2018-05-05 23:22
367,0.279078054848,14.1797822,13.7787254,3.84533988291,63.3652,0.136205937424,7.123222,6.7681608,0.921863686399,5.2416,2018-05-05 23:31
368,0.279092554848,14.1796372,13.7786794,3.84552683617,63.2416,0.19237982,10.0762018,9.5745628,1.84195266804,6.7826,2018-05-05 23:39
369,0.279090434848,14.1796584,13.7787344,3.84551297535,63.3532,0.23472954567,12.349643,11.7344988,2.75443357199,8.172,2018-05-05 23:48
370,0.279080394848,14.1797588,13.7787784,3.84538691639,63.7382,0.271014794848,14.2604148,13.5494378,3.67209810567,9.1096,2018-05-05 23:57
371,0.279079614848,14.1797666,13.7788028,3.84538297849,64.2164,0.303335996101,15.940306,15.1445954,4.59390093121,10.1902,2018-05-06 00:06
372,0.279079134848,14.1797714,13.7788562,3.84539126749,64.8476,0.331982509083,17.4647846,16.591632,5.50813162114,11.745,2018-05-06 00:15
373,0.312004156101,15.8536244,15.4051022,4.80645591156,64.6288,-0.00085196,0.0085196,0.0082102,-6.994761992e-06,3.5708,2018-05-06 01:39
374,0.312009296101,15.853573,15.404962,4.80649135008,64.4918,0.09703146,5.0296854,4.7781874,0.463634499576,4.524,2018-05-06 01:48
375,0.312016796101,15.853498,15.4049542,4.80660445357,64.4,0.136191417424,7.1233672,6.7682304,0.921774891627,5.2742,2018-05-06 01:57
376,0.312021796101,15.853448,15.4048708,4.80665545572,64.2586,0.19237528,10.0762472,9.5745464,1.84190604457,6.8222,2018-05-06 02:05
377,0.312020576101,15.8534602,15.404819,4.80662049911,64.3868,0.23472186567,12.3497198,11.7345186,2.75434809853,8.1936,2018-05-06 02:14
378,0.312021116101,15.8534548,15.404805,4.80662444942,64.7528,0.271002314848,14.2605396,13.549384,3.67191442876,9.1414,2018-05-06 02:23
379,0.312020136101,15.8534646,15.4049204,4.80664535983,65.2086,0.303327236101,15.9403936,15.1447254,4.59380769709,10.2298,2018-05-06 02:32
380,0.312008816101,15.8535778,15.4049622,4.8064840181,65.7654,0.331985629083,17.4647534,16.591705,5.50820762198,11.8232,2018-05-06 02:41
381,0.340934469083,17.375265,16.8831752,5.75605637324,65.6074,-0.000853,0.00853,0.0082188,-7.0106364e-06,3.5908,2018-05-06 04:05
382,0.340945209083,17.3751576,16.8830976,5.75621124119,65.4904,0.09703334,5.0296666,4.7780842,0.463633468727,4.531,2018-05-06 04:14
383,0.340953529083,17.3750744,16.8831196,5.75635920954,65.3906,0.136195677424,7.1233246,6.7681532,0.921793209982,5.2792,2018-05-06 04:23
384,0.340963549083,17.3749742,16.8829828,5.75648173459,65.2696,0.1923745,10.076255,9.5745562,1.8419004617,6.8246,2018-05-06 04:31
385,0.340945849083,17.3751512,16.8830326,5.7561998849,65.3584,0.23473076567,12.3496308,11.7344552,2.75443765382,8.1868,2018-05-06 04:40
386,0.340956689083,17.3750428,16.8830148,5.75637682794,65.6868,0.270987514848,14.2606876,13.54959,3.67176972131,9.1316,2018-05-06 04:49
387,0.340945629083,17.3751534,16.8830586,5.75620503522,66.1038,0.303304016101,15.9406258,15.1447954,4.59347726785,10.2512,2018-05-06 04:58
388,0.340950569083,17.375104,16.8830062,5.75627057172,66.6662,0.331947609083,17.4651336,16.5919642,5.50766284617,11.8912,2018-05-06 05:07
389,-0.00025262,0.0025262,0.0025924,-6.54892088e-07,60.6592,-0.00084458,0.0084458,0.0081722,-6.902076676e-06,3.495,2018-05-06 07:31
390,-0.00025264,0.0025264,0.00259,-6.543376e-07,60.4888,0.09704942,5.0295058,4.778164,0.463718044865,4.4696,2018-05-06 07:40
391,-0.00024466,0.0024466,0.002555,-6.251063e-07,60.366,0.136218697424,7.1230944,6.768234,0.92196001934,5.2136,2018-05-06 07:49
392,-0.00024878,0.0024878,0.002568,-6.3886704e-07,60.2048,0.19239592,10.0760408,9.5747472,1.84214229631,6.7562,2018-05-06 07:57
393,-0.00024488,0.0024488,0.0025164,-6.16216032e-07,60.2816,0.23475308567,12.3494076,11.7346454,2.75474421689,8.169,2018-05-06 08:06
394,-0.00023644,0.0023644,0.0024404,-5.77008176e-07,60.6202,0.271062274848,14.25994,13.5493042,3.67270521906,9.106,2018-05-06 08:15
395,-0.00023572,0.0023572,0.0025014,-5.89630008e-07,61.0372,0.303360496101,15.940061,15.1447014,4.59430413001,10.0936,2018-05-06 08:24
396,-0.00023592,0.0023592,0.0024838,-5.85978096e-07,61.5948,0.332027929083,17.4643304,16.5916502,5.50889125597,11.5136,2018-05-06 08:33
397,0.09962488,5.0037512,4.8621484,0.484390950892,60.4638,-0.00084444,0.0084444,0.0081656,-6.895359264e-06,3.4788,2018-05-06 09:57
398,0.09963196,5.0036804,4.8620642,0.484416985892,60.3322,0.09704196,5.0295804,4.7782246,0.463688280504,4.4508,2018-05-06 10:06
399,0.09963854,5.0036146,4.861987,0.484441286179,60.2368,0.136209697424,7.1231844,6.7682394,0.921899840766,5.2042,2018-05-06 10:14
400,0.09964422,5.0035578,4.861979,0.484468105111,60.1176,0.19239548,10.0760452,9.5746454,1.84211849756,6.7422,2018-05-06 10:23
401,0.09964576,5.0035424,4.8619538,0.484473081486,60.2274,0.23475524567,12.349386,11.7345352,2.7547436937,8.166,2018-05-06 10:32
402,0.09964162,5.0035838,4.8619728,0.484454846188,60.6096,0.271064794848,14.2599148,13.5493012,3.67273855011,9.1018,2018-05-06 10:41
403,0.09963136,5.0036864,4.862043,0.484411956468,61.0598,0.303376616101,15.9398998,15.1445622,4.59450603257,10.1098,2018-05-06 10:50
404,0.59993148,0.0006852,0.00084,0.0005039424432,61.6294,2.07830624908,0.0015472,0.0014368,0.00298611041868,4.7098,2018-05-06 10:59
405,0.139795497424,7.0873264,6.8870112,0.962773156468,60.5742,-0.00084754,0.0084754,0.0082198,-6.966609292e-06,3.479,2018-05-06 12:23
406,0.139804417424,7.0872372,6.8869274,0.962822872997,60.4678,0.09703772,5.0296228,4.77823,0.463668544836,4.455,2018-05-06 12:32
407,0.139803337424,7.087248,6.8869202,0.962814428532,60.3986,0.136208217424,7.1231992,6.768351,0.921905024609,5.2018,2018-05-06 12:40
408,0.139804537424,7.087236,6.8868954,0.962819225683,60.281,0.19239386,10.0760614,9.5747792,1.84212872894,6.7418,2018-05-06 12:49
409,0.139812517424,7.0871562,6.8868694,0.962870547983,60.4162,0.23474636567,12.3494748,11.7346904,2.75467592366,8.1582,2018-05-06 12:58
410,0.139804017424,7.0872412,6.8869358,0.96282129258,60.7954,0.271023814848,14.2603246,13.5497482,3.67230444739,9.0998,2018-05-06 13:07
411,0.139795517424,7.0873262,6.8870052,0.962772455435,61.2648,0.303339956101,15.9402664,15.1449586,4.59407107688,10.092,2018-05-06 13:16
412,0.139791437424,7.087367,6.8870896,0.962756154851,61.8588,0.332005149083,17.4645582,16.5920726,5.50865353715,11.5242,2018-05-06 13:25
413,0.19750542,10.0249458,9.7418782,1.92407374548,61.4202,-0.00084366,0.0084366,0.0082248,-6.938934768e-06,3.4916,2018-05-06 14:49
414,0.19752024,10.0247976,9.7417388,1.92419058579,61.3082,0.09703312,5.0296688,4.7783116,0.46365448288,4.4634,2018-05-06 14:58
415,0.19752646,10.0247354,9.7416634,1.92423628591,61.2296,0.136200617424,7.1232752,6.7683194,0.921849281202,5.2144,2018-05-06 15:06
416,0.19753452,10.0246548,9.741613,1.92430484798,61.122,0.19238374,10.0761626,9.5747246,1.84202132802,6.7586,2018-05-06 15:15
417,0.19754262,10.0245738,9.741543,1.92436992706,61.2522,0.23473980567,12.3495404,11.7346772,2.75459584553,8.1716,2018-05-06 15:24
418,0.19753014,10.0246986,9.7417138,1.92428209075,61.6492,0.271019774848,14.260365,13.5495614,3.67219907991,9.117,2018-05-06 15:33
419,0.19752838,10.0247162,9.7417288,1.92426790826,62.1114,0.471335876101,14.2603072,13.5491424,6.38619690352,9.2996,2018-05-06 15:42
420,0.19752662,10.0247338,9.741761,1.92425712318,62.593,0.332015909083,17.4644506,16.5920792,5.50883425916,11.3414,2018-05-06 15:51
421,0.24084092567,12.2885292,11.9417056,2.87605143078,62.4442,-0.00085418,0.0085418,0.0082352,-7.034343136e-06,3.513,2018-05-06 17:15
422,0.24086214567,12.288317,11.9414216,2.87623642892,62.334,0.0970324,5.029676,4.7782158,0.463641746792,4.4822,2018-05-06 17:23
423,0.24085834567,12.288355,11.9415,2.87620993482,62.2488,0.136205277424,7.1232286,6.7682692,0.921873984065,5.2304,2018-05-06 17:32
424,0.24085650567,12.2883734,11.9414754,2.87618203739,62.1468,0.19238532,10.0761468,9.5746802,1.84202791417,6.7814,2018-05-06 17:41
425,0.24086478567,12.2882906,11.9414036,2.87626361871,62.2752,0.23473932567,12.3495452,11.7345314,2.75455598789,8.171,2018-05-06 17:50
426,0.24086396567,12.2882988,11.941432,2.8762606673,62.6762,0.271025274848,14.26031,13.549491,3.67225452232,9.1094,2018-05-06 17:59
427,0.24085364567,12.288402,11.9415284,2.87616065001,63.1558,0.303326836101,15.9403976,15.144856,4.59384125369,10.1558,2018-05-06 18:08
428,0.24084662567,12.2884722,11.9415302,2.87607725401,63.7886,0.331996869083,17.464641,16.5917446,5.50840725982,11.6682,2018-05-06 18:17
429,0.279117014848,14.1793926,13.7790014,3.84595373835,63.5464,-0.00084718,0.0084718,0.0082354,-6.976866172e-06,3.5458,2018-05-06 19:41
430,0.279114914848,14.1794136,13.7789908,3.84592184383,63.4164,0.09702826,5.0297174,4.778235,0.463623827921,4.492,2018-05-06 19:50
431,0.279129134848,14.1792714,13.7788746,3.84608534627,63.3132,0.136184997424,7.1234314,6.768369,0.921750314829,5.244,2018-05-06 19:58
432,0.279116874848,14.179394,13.7789076,3.84592562813,63.2024,0.19237434,10.0762566,9.5746364,1.84191435819,6.7852,2018-05-06 20:07
433,0.279126094848,14.1793018,13.778926,3.84605780558,63.3134,0.23472746567,12.3496638,11.7345538,2.75442207424,8.1724,2018-05-06 20:16
434,0.279126734848,14.1792954,13.7789516,3.84607376973,63.706,0.271009494848,14.2604678,13.5494806,3.67203789285,9.1124,2018-05-06 20:25
435,0.279110734848,14.1794554,13.7790158,3.84587122542,64.1796,0.303331196101,15.940354,15.144742,4.5938727055,10.1912,2018-05-06 20:34
436,0.279100994848,14.1795528,13.779037,3.84574293474,64.8216,0.331977269083,17.464837,16.5918824,5.50812780809,11.77,2018-05-06 20:43
437,0.312049196101,15.853174,15.4052562,4.80719781294,64.5734,-0.00085144,0.0085144,0.0082272,-7.004967168e-06,3.5762,2018-05-06 22:07
438,0.312063416101,15.8530318,15.4050478,4.80735184167,64.4678,0.0970249,5.029751,4.7782264,0.463606938637,4.5264,2018-05-06 22:15
439,0.312049616101,15.8531698,15.4051552,4.80717276614,64.3532,0.136183337424,7.123448,6.7683222,0.921732705956,5.2778,2018-05-06 22:24
440,0.312062336101,15.8530426,15.4050714,4.80734256889,64.2478,0.19236792,10.0763208,9.5745968,1.84184527125,6.8292,2018-05-06 22:33
441,0.312065336101,15.8530126,15.4049968,4.80736550403,64.3458,0.23472338567,12.3497046,11.7345546,2.75437438504,8.2044,2018-05-06 22:42
442,0.312061896101,15.853047,15.4051094,4.80734764901,64.7384,0.270997754848,14.2605852,13.5494012,3.67185730473,9.1444,2018-05-06 22:51
443,0.312049856101,15.8531674,15.4051958,4.8071891326,65.1892,0.303298936101,15.9406766,15.1448134,4.59340579167,10.2474,2018-05-06 23:00
444,0.312055596101,15.85311,15.4050996,4.80724753867,65.7556,0.484390669083,15.940703,15.1443472,7.33578047303,10.6374,2018-05-06 23:09
445,0.340976929083,17.3748404,16.8834222,5.75685745416,65.6192,-0.00085258,0.0085258,0.0082464,-7.030715712e-06,3.5982,2018-05-07 00:33
446,0.340990709083,17.3747026,16.8833808,5.7570759907,65.5138,0.09702938,5.0297062,4.7781314,0.463619127301,4.5354,2018-05-07 00:41
447,0.340985049083,17.3747592,16.883312,5.756956971,65.4166,0.136186297424,7.1234184,6.768193,0.92173514492,5.2916,2018-05-07 00:50
448,0.340998569083,17.374624,16.8832958,5.7571797092,65.3072,0.19237462,10.0762538,9.5744838,1.84188768272,6.836,2018-05-07 00:59
449,0.340995949083,17.3746502,16.8832364,5.7571152198,65.4042,0.23472244567,12.349714,11.7344274,2.75433349786,8.1946,2018-05-07 01:08
450,0.340991649083,17.3746932,16.8832936,5.75706212661,65.7408,0.271003594848,14.2605268,13.549359,3.67192499688,9.1346,2018-05-07 01:17
451,2.07840474908,0.0005622,0.0007174,0.00149104756699,65.6278,1.8972144561,0.0015214,0.0014722,0.00279307912227,4.5716,2018-05-07 01:26
452,0.341062369083,17.373986,16.882904,5.75812323523,65.2568,0.332013569083,17.464474,16.5925668,5.50895732351,10.5322,2018-05-07 01:35
